collision,total_steps,request_simulat_time,fixed_delta_seconds,current_simulat_time,stop_run,e_veloc,TTC,ttc_less_than_200,TTC_threshold,pedestrian_velocity,SAW_WALKER_cam1,SAW_WALKER_cam4,delay_count,delay_threshold,GLOBAL_BRAKE,apply_brake,new_velocity,frame_number
NA,375,6,0.016,1,false,49.886233,4450.0,False,500,2.94,1,0,0,0,0,0,N/A,0
NA,375,6,0.016,2,false,49.682879,4430.0,False,500,2.94,1,0,0,0,0,0,N/A,1
NA,375,6,0.016,3,false,49.645983,4390.0,False,500,2.94,1,0,0,0,0,0,N/A,2
NA,375,6,0.016,4,false,49.63485,4350.0,False,500,2.94,1,0,0,0,0,0,N/A,3
NA,375,6,0.016,5,false,49.640389,4320.0,False,500,2.94,1,0,0,0,0,0,N/A,4
NA,375,6,0.016,6,false,49.640112,4280.0,False,500,2.94,1,0,0,0,0,0,N/A,5
NA,375,6,0.016,7,false,49.639942,4240.0,False,500,2.94,1,0,0,0,0,0,N/A,6
NA,375,6,0.016,8,false,49.640152,4210.0,False,500,2.94,1,0,0,0,0,0,N/A,7
NA,375,6,0.016,9,false,49.640264,4170.0,False,500,2.94,1,0,0,0,0,0,N/A,8
NA,375,6,0.016,10,false,49.640363,4140.0,False,500,2.94,1,0,0,0,0,0,N/A,9
NA,375,6,0.016,11,false,49.657939,4100.0,False,500,2.94,1,0,0,0,0,0,N/A,10
NA,375,6,0.016,12,false,49.704493,4059.9999999999995,False,500,2.94,1,0,0,0,0,0,N/A,11
NA,375,6,0.016,13,false,49.717815,4030.0000000000005,False,500,2.94,1,0,0,0,0,0,N/A,12
NA,375,6,0.016,14,false,49.718171,3990.0,False,500,2.94,1,0,0,0,0,0,N/A,13
NA,375,6,0.016,15,false,49.718217,3960.0,False,500,2.94,1,0,0,0,0,0,N/A,14
NA,375,6,0.016,16,false,49.718236,3930.0,False,500,2.94,1,0,0,0,0,0,N/A,15
NA,375,6,0.016,17,false,49.718232,3890.0,False,500,2.94,1,0,0,0,0,0,N/A,16
NA,375,6,0.016,18,false,49.718212,3860.0,False,500,2.94,1,0,0,0,0,0,N/A,17
NA,375,6,0.016,19,false,49.71822,3830.0,False,500,2.94,1,0,0,0,0,0,N/A,18
NA,375,6,0.016,20,false,49.718189,3790.0,False,500,2.94,1,0,0,0,0,0,N/A,19
NA,375,6,0.016,21,false,49.718165,3760.0,False,500,2.94,1,0,0,0,0,0,N/A,20
NA,375,6,0.016,22,false,49.718159,3730.0,False,500,2.94,1,0,0,0,0,0,N/A,21
NA,375,6,0.016,23,false,49.718128,3700.0,False,500,2.94,1,0,0,0,0,0,N/A,22
NA,375,6,0.016,24,false,49.718094,3670.0,False,500,2.94,1,0,0,0,0,0,N/A,23
NA,375,6,0.016,25,false,49.718059,3640.0,False,500,2.94,1,0,0,0,0,0,N/A,24
NA,375,6,0.016,26,false,49.718056,3610.0,False,500,2.94,1,0,0,0,0,0,N/A,25
NA,375,6,0.016,27,false,49.718032,3580.0,False,500,2.94,1,0,0,0,0,0,N/A,26
NA,375,6,0.016,28,false,49.718012,3550.0,False,500,2.94,1,0,0,0,0,0,N/A,27
NA,375,6,0.016,29,false,49.717985,3520.0,False,500,2.94,1,0,0,0,0,0,N/A,28
NA,375,6,0.016,30,false,49.717961,3490.0,False,500,2.94,1,0,0,0,0,0,N/A,29
NA,375,6,0.016,31,false,49.717939,3460.0,False,500,2.94,1,0,0,0,0,0,N/A,30
NA,375,6,0.016,32,false,49.717925,3430.0,False,500,2.94,1,0,0,0,0,0,N/A,31
NA,375,6,0.016,33,false,49.717904,3400.0,False,500,2.94,1,0,0,0,0,0,N/A,32
NA,375,6,0.016,34,false,49.71789,3370.0,False,500,2.94,1,0,0,0,0,0,N/A,33
NA,375,6,0.016,35,false,49.717875,3340.0,False,500,2.94,1,0,0,0,0,0,N/A,34
NA,375,6,0.016,36,false,49.717867,3320.0,False,500,2.94,1,0,0,0,0,0,N/A,35
NA,375,6,0.016,37,false,49.71786,3290.0,False,500,2.94,1,0,0,0,0,0,N/A,36
NA,375,6,0.016,38,false,49.717853,3260.0,False,500,2.94,1,0,0,0,0,0,N/A,37
NA,375,6,0.016,39,false,49.717849,3230.0,False,500,2.94,1,0,0,0,0,0,N/A,38
NA,375,6,0.016,40,false,49.717841,3210.0,False,500,2.94,1,0,0,0,0,0,N/A,39
NA,375,6,0.016,41,false,49.717842,3180.0,False,500,2.94,1,0,0,0,0,0,N/A,40
NA,375,6,0.016,42,false,49.717838,3150.0,False,500,2.94,1,0,0,0,0,0,N/A,41
NA,375,6,0.016,43,false,49.717839,3130.0,False,500,2.94,1,0,0,0,0,0,N/A,42
NA,375,6,0.016,44,false,49.717832,3110.0,False,500,2.94,1,0,0,0,0,0,N/A,43
NA,375,6,0.016,45,false,49.717836,3100.0,False,500,2.94,1,0,0,0,0,0,N/A,44
NA,375,6,0.016,46,false,49.71783,3080.0,False,500,2.94,1,0,0,0,0,0,N/A,45
NA,375,6,0.016,47,false,49.717833,3070.0,False,500,2.94,1,0,0,0,0,0,N/A,46
NA,375,6,0.016,48,false,49.717831,3060.0,False,500,2.94,1,0,0,0,0,0,N/A,47
NA,375,6,0.016,49,false,49.717818,3040.0,False,500,2.94,1,0,0,0,0,0,N/A,48
NA,375,6,0.016,50,false,49.717811,3030.0,False,500,2.94,1,0,0,0,0,0,N/A,49
NA,375,6,0.016,51,false,49.717793,3020.0,False,500,2.94,1,0,0,0,0,0,N/A,50
NA,375,6,0.016,52,false,49.717796,3000.0,False,500,2.94,1,0,0,0,0,0,N/A,51
NA,375,6,0.016,53,false,49.717798,2990.0,False,500,2.94,1,0,0,0,0,0,N/A,52
NA,375,6,0.016,54,false,49.7178,2980.0,False,500,2.94,1,0,0,0,0,0,N/A,53
NA,375,6,0.016,55,false,49.717799,2960.0,False,500,2.94,1,0,0,0,0,0,N/A,54
NA,375,6,0.016,56,false,49.717798,2950.0,False,500,2.94,1,0,0,0,0,0,N/A,55
NA,375,6,0.016,57,false,49.717801,2940.0,False,500,2.94,1,0,0,0,0,0,N/A,56
NA,375,6,0.016,58,false,49.717799,2920.0,False,500,2.94,1,0,0,0,0,0,N/A,57
NA,375,6,0.016,59,false,49.717801,2910.0,False,500,2.94,1,0,0,0,0,0,N/A,58
NA,375,6,0.016,60,false,49.717799,2900.0,False,500,2.94,1,0,0,0,0,0,N/A,59
NA,375,6,0.016,61,false,49.7178,2890.0,False,500,2.94,1,0,0,0,0,0,N/A,60
NA,375,6,0.016,62,false,49.717796,2870.0,False,500,2.94,1,0,0,0,0,0,N/A,61
NA,375,6,0.016,63,false,49.717788,2860.0,False,500,2.94,1,0,0,0,0,0,N/A,62
NA,375,6,0.016,64,false,49.71779,2850.0,False,500,2.94,1,0,0,0,0,0,N/A,63
NA,375,6,0.016,65,false,49.717786,2830.0,False,500,2.94,1,0,0,0,0,0,N/A,64
NA,375,6,0.016,66,false,49.719453,2820.0,False,500,2.94,1,0,0,0,0,0,N/A,65
NA,375,6,0.016,67,false,49.719448,2810.0,False,500,2.94,1,0,0,0,0,0,N/A,66
NA,375,6,0.016,68,false,49.719447,2790.0,False,500,2.94,1,0,0,0,0,0,N/A,67
NA,375,6,0.016,69,false,49.719443,2780.0,False,500,2.94,1,0,0,0,0,0,N/A,68
NA,375,6,0.016,70,false,49.719445,2770.0,False,500,2.94,1,0,0,0,0,0,N/A,69
NA,375,6,0.016,71,false,49.71944,2750.0,False,500,2.94,1,0,0,0,0,0,N/A,70
NA,375,6,0.016,72,false,49.719438,2740.0,False,500,2.94,1,0,0,0,0,0,N/A,71
NA,375,6,0.016,73,false,49.719433,2730.0,False,500,2.94,1,0,0,0,0,0,N/A,72
NA,375,6,0.016,74,false,49.719432,2710.0,False,500,2.94,1,0,0,0,0,0,N/A,73
NA,375,6,0.016,75,false,49.719427,2700.0,False,500,2.94,1,0,0,0,0,0,N/A,74
NA,375,6,0.016,76,false,49.719425,2690.0,False,500,2.94,1,0,0,0,0,0,N/A,75
NA,375,6,0.016,77,false,49.71942,2670.0,False,500,2.94,1,0,0,0,0,0,N/A,76
NA,375,6,0.016,78,false,49.719422,2660.0,False,500,2.94,1,0,0,0,0,0,N/A,77
NA,375,6,0.016,79,false,49.719416,2650.0,False,500,2.94,1,0,0,0,0,0,N/A,78
NA,375,6,0.016,80,false,49.719415,2630.0,False,500,2.94,1,0,0,0,0,0,N/A,79
NA,375,6,0.016,81,false,49.71941,2620.0,False,500,2.94,1,0,0,0,0,0,N/A,80
NA,375,6,0.016,82,false,49.719408,2610.0,False,500,2.94,1,0,0,0,0,0,N/A,81
NA,375,6,0.016,83,false,49.719403,2590.0,False,500,2.94,1,0,0,0,0,0,N/A,82
NA,375,6,0.016,84,false,49.719405,2580.0,False,500,2.94,1,0,0,0,0,0,N/A,83
NA,375,6,0.016,85,false,49.719401,2570.0,False,500,2.94,1,0,0,0,0,0,N/A,84
NA,375,6,0.016,86,false,49.719399,2550.0,False,500,2.94,1,0,0,0,0,0,N/A,85
NA,375,6,0.016,87,false,49.719394,2540.0,False,500,2.94,1,0,0,0,0,0,N/A,86
NA,375,6,0.016,88,false,49.719393,2530.0,False,500,2.94,1,0,0,0,0,0,N/A,87
NA,375,6,0.016,89,false,49.719389,2510.0,False,500,2.94,1,0,0,0,0,0,N/A,88
NA,375,6,0.016,90,false,49.719387,2500.0,False,500,2.94,1,0,0,0,0,0,N/A,89
NA,375,6,0.016,91,false,49.719383,2490.0,False,500,2.94,1,0,0,0,0,0,N/A,90
NA,375,6,0.016,92,false,49.719385,2480.0,False,500,2.94,1,0,0,0,0,0,N/A,91
NA,375,6,0.016,93,false,49.719381,2460.0,False,500,2.94,1,0,0,0,0,0,N/A,92
NA,375,6,0.016,94,false,49.71938,2450.0,False,500,2.94,1,0,0,0,0,0,N/A,93
NA,375,6,0.016,95,false,49.719376,2440.0,False,500,2.94,1,0,0,0,0,0,N/A,94
NA,375,6,0.016,96,false,49.719375,2420.0,False,500,2.94,1,0,0,0,0,0,N/A,95
NA,375,6,0.016,97,false,49.719371,2410.0,False,500,2.94,1,0,0,0,0,0,N/A,96
NA,375,6,0.016,98,false,49.719373,2400.0,False,500,2.94,1,0,0,0,0,0,N/A,97
NA,375,6,0.016,99,false,49.719369,2380.0,False,500,2.94,1,0,0,0,0,0,N/A,98
NA,375,6,0.016,100,false,49.719365,2370.0,False,500,2.94,1,0,0,0,0,0,N/A,99
NA,375,6,0.016,101,false,49.719364,2360.0,False,500,2.94,1,0,0,0,0,0,N/A,100
NA,375,6,0.016,102,false,49.71936,2340.0,False,500,2.94,1,0,0,0,0,0,N/A,101
NA,375,6,0.016,103,false,49.71936,2330.0,False,500,2.94,1,0,0,0,0,0,N/A,102
NA,375,6,0.016,104,false,49.719356,2320.0,False,500,2.94,1,0,0,0,0,0,N/A,103
NA,375,6,0.016,105,false,49.719355,2300.0,False,500,2.94,1,0,0,0,0,0,N/A,104
NA,375,6,0.016,106,false,49.719352,2290.0,False,500,2.94,1,0,0,0,0,0,N/A,105
NA,375,6,0.016,107,false,49.719355,2280.0,False,500,2.94,1,0,0,0,0,0,N/A,106
NA,375,6,0.016,108,false,49.719351,2260.0,False,500,2.94,1,0,0,0,0,0,N/A,107
NA,375,6,0.016,109,false,49.71935,2250.0,False,500,2.94,1,0,0,0,0,0,N/A,108
NA,375,6,0.016,110,false,49.719347,2240.0,False,500,2.94,1,0,0,0,0,0,N/A,109
NA,375,6,0.016,111,false,49.719346,2220.0,False,500,2.94,1,0,0,0,0,0,N/A,110
NA,375,6,0.016,112,false,49.719342,2210.0,False,500,2.94,1,0,0,0,0,0,N/A,111
NA,375,6,0.016,113,false,49.719342,2200.0,False,500,2.94,1,0,0,0,0,0,N/A,112
NA,375,6,0.016,114,false,49.719339,2180.0,False,500,2.94,1,0,0,0,0,0,N/A,113
NA,375,6,0.016,115,false,49.719342,2170.0,False,500,2.94,1,0,0,0,0,0,N/A,114
NA,375,6,0.016,116,false,49.719338,2160.0,False,500,2.94,1,0,0,0,0,0,N/A,115
NA,375,6,0.016,117,false,49.719338,2140.0,False,500,2.94,1,0,0,0,0,0,N/A,116
NA,375,6,0.016,118,false,49.719334,2130.0,False,500,2.94,1,0,0,0,0,0,N/A,117
NA,375,6,0.016,119,false,49.719334,2120.0,False,500,2.94,1,0,0,0,0,0,N/A,118
NA,375,6,0.016,120,false,49.71933,2100.0,False,500,2.94,1,0,0,0,0,0,N/A,119
NA,375,6,0.016,121,false,49.719334,2090.0,False,500,2.94,1,0,0,0,0,0,N/A,120
NA,375,6,0.016,122,false,49.71933,2080.0,False,500,2.94,1,0,0,0,0,0,N/A,121
NA,375,6,0.016,123,false,49.71933,2060.0,False,500,2.94,1,0,0,0,0,0,N/A,122
NA,375,6,0.016,124,false,49.719327,2050.0,False,500,2.94,1,0,0,0,0,0,N/A,123
NA,375,6,0.016,125,false,49.719327,2040.0,False,500,2.94,1,0,0,0,0,0,N/A,124
NA,375,6,0.016,126,false,49.719323,2029.9999999999998,False,500,2.94,1,0,0,0,0,0,N/A,125
NA,375,6,0.016,127,false,49.719323,2009.9999999999998,False,500,2.94,1,0,0,0,0,0,N/A,126
NA,375,6,0.016,128,false,49.71932,2000.0,False,500,2.94,1,0,0,0,0,0,N/A,127
NA,375,6,0.016,129,false,49.719316,1990.0,False,500,2.94,1,0,0,0,0,0,N/A,128
NA,375,6,0.016,130,false,49.71932,1970.0,False,500,2.94,1,0,0,0,0,0,N/A,129
NA,375,6,0.016,131,false,49.719316,1960.0,False,500,2.94,1,0,0,0,0,0,N/A,130
NA,375,6,0.016,132,false,49.719316,1950.0,False,500,2.94,1,0,0,0,0,0,N/A,131
NA,375,6,0.016,133,false,49.719313,1930.0,False,500,2.94,1,0,0,0,0,0,N/A,132
NA,375,6,0.016,134,false,49.719313,1920.0,False,500,2.94,1,0,0,0,0,0,N/A,133
NA,375,6,0.016,135,false,49.71931,1910.0,False,500,2.94,1,0,0,0,0,0,N/A,134
NA,375,6,0.016,136,false,49.719313,1890.0,False,500,2.94,1,0,0,0,0,0,N/A,135
NA,375,6,0.016,137,false,49.71931,1880.0,False,500,2.94,1,0,0,0,0,0,N/A,136
NA,375,6,0.016,138,false,49.71931,1870.0,False,500,2.94,1,0,0,0,0,0,N/A,137
NA,375,6,0.016,139,false,49.719307,1850.0,False,500,2.94,1,0,0,0,0,0,N/A,138
NA,375,6,0.016,140,false,49.719307,1840.0,False,500,2.94,1,0,0,0,0,0,N/A,139
NA,375,6,0.016,141,false,49.719304,1830.0,False,500,2.94,1,0,0,0,0,0,N/A,140
NA,375,6,0.016,142,false,49.719304,1810.0,False,500,2.94,1,0,0,0,0,0,N/A,141
NA,375,6,0.016,143,false,49.719301,1800.0,False,500,2.94,1,0,0,0,0,0,N/A,142
NA,375,6,0.016,144,false,49.719304,1790.0,False,500,2.94,1,0,0,0,0,0,N/A,143
NA,375,6,0.016,145,false,49.719301,1770.0,False,500,2.94,1,0,0,0,0,0,N/A,144
NA,375,6,0.016,146,false,49.719301,1760.0,False,500,2.94,1,0,0,0,0,0,N/A,145
NA,375,6,0.016,147,false,49.719298,1750.0,False,500,2.94,1,0,0,0,0,0,N/A,146
NA,375,6,0.016,148,false,49.719298,1730.0,False,500,2.94,1,0,0,0,0,0,N/A,147
NA,375,6,0.016,149,false,49.719295,1720.0,False,500,2.94,1,0,0,0,0,0,N/A,148
NA,375,6,0.016,150,false,49.591019,1710.0,False,500,2.94,1,0,0,0,0,0,N/A,149
NA,375,6,0.016,151,false,49.714367,1690.0,False,500,2.94,1,0,0,0,0,0,N/A,150
NA,375,6,0.016,152,false,49.717252,1680.0,False,500,2.94,1,0,0,0,0,0,N/A,151
NA,375,6,0.016,153,false,49.717292,1670.0,False,500,2.94,1,0,0,0,0,0,N/A,152
NA,375,6,0.016,154,false,49.717331,1660.0,False,500,2.94,1,0,0,0,0,0,N/A,153
NA,375,6,0.016,155,false,49.717369,1640.0,False,500,2.94,1,0,0,0,0,0,N/A,154
NA,375,6,0.016,156,false,49.717412,1630.0,False,500,2.94,1,0,0,0,0,0,N/A,155
NA,375,6,0.016,157,false,49.717454,1620.0,False,500,2.94,1,0,0,0,0,0,N/A,156
NA,375,6,0.016,158,false,49.717477,1600.0,False,500,2.94,1,0,0,0,0,0,N/A,157
NA,375,6,0.016,159,false,49.717508,1590.0,False,500,2.94,1,0,0,0,0,0,N/A,158
NA,375,6,0.016,160,false,49.717543,1580.0,False,500,2.94,1,0,0,0,0,0,N/A,159
NA,375,6,0.016,161,false,49.717621,1570.0,False,500,2.94,1,0,0,0,0,0,N/A,160
NA,375,6,0.016,162,false,49.717604,1550.0,False,500,2.94,1,0,0,0,0,0,N/A,161
NA,375,6,0.016,163,false,49.717592,1540.0,False,500,2.94,1,0,0,0,0,0,N/A,162
NA,375,6,0.016,164,false,49.717623,1530.0,False,500,2.94,1,0,0,0,0,0,N/A,163
NA,375,6,0.016,165,false,49.717612,1510.0,False,500,2.94,1,0,0,0,0,0,N/A,164
NA,375,6,0.016,166,false,49.717608,1500.0,False,500,2.94,1,0,0,0,0,0,N/A,165
NA,375,6,0.016,167,false,49.717627,1490.0,False,500,2.94,1,0,0,0,0,0,N/A,166
NA,375,6,0.016,168,false,49.717613,1470.0,False,500,2.94,1,0,0,0,0,0,N/A,167
NA,375,6,0.016,169,false,49.717604,1460.0,False,500,2.94,1,0,0,0,0,0,N/A,168
NA,375,6,0.016,170,false,49.71758,1450.0,False,500,2.94,1,0,0,0,0,0,N/A,169
NA,375,6,0.016,171,false,49.717593,1430.0,False,500,2.94,1,0,0,0,0,0,N/A,170
NA,375,6,0.016,172,false,49.717614,1420.0,False,500,2.94,1,0,0,0,0,0,N/A,171
NA,375,6,0.016,173,false,49.71761,1410.0,False,500,2.94,1,0,0,0,0,0,N/A,172
NA,375,6,0.016,174,false,49.717605,1390.0,False,500,2.94,1,0,0,0,0,0,N/A,173
NA,375,6,0.016,175,false,49.717603,1380.0,False,500,2.94,1,0,0,0,0,0,N/A,174
NA,375,6,0.016,176,false,49.717598,1370.0,False,500,2.94,1,0,0,0,0,0,N/A,175
NA,375,6,0.016,177,false,49.717589,1350.0,False,500,2.94,1,0,0,0,0,0,N/A,176
NA,375,6,0.016,178,false,49.717591,1340.0,False,500,2.94,1,0,0,0,0,0,N/A,177
NA,375,6,0.016,179,false,49.717544,1330.0,False,500,2.94,1,0,0,0,0,0,N/A,178
NA,375,6,0.016,180,false,49.717593,1310.0,False,500,2.94,1,0,0,0,0,0,N/A,179
NA,375,6,0.016,181,false,49.717597,1300.0,False,500,2.94,1,0,0,0,0,0,N/A,180
NA,375,6,0.016,182,false,49.717602,1290.0,False,500,2.94,1,0,0,0,0,0,N/A,181
NA,375,6,0.016,183,false,49.717595,1270.0,False,500,2.94,1,0,0,0,0,0,N/A,182
NA,375,6,0.016,184,false,49.717591,1260.0,False,500,2.94,1,0,0,0,0,0,N/A,183
NA,375,6,0.016,185,false,49.717583,1250.0,False,500,2.94,1,0,0,0,0,0,N/A,184
NA,375,6,0.016,186,false,49.717574,1230.0,False,500,2.94,1,0,0,0,0,0,N/A,185
NA,375,6,0.016,187,false,49.717579,1220.0,False,500,2.94,1,0,0,0,0,0,N/A,186
NA,375,6,0.016,188,false,49.717561,1210.0,False,500,2.94,1,0,0,0,0,0,N/A,187
NA,375,6,0.016,189,false,49.717576,1190.0,False,500,2.94,1,0,0,0,0,0,N/A,188
NA,375,6,0.016,190,false,49.717576,1180.0,False,500,2.94,1,0,0,0,0,0,N/A,189
NA,375,6,0.016,191,false,49.717581,1170.0,False,500,2.94,1,0,0,0,0,0,N/A,190
NA,375,6,0.016,192,false,49.717587,1160.0,False,500,2.94,1,0,0,0,0,0,N/A,191
NA,375,6,0.016,193,false,49.717595,1140.0,False,500,2.94,1,0,0,0,0,0,N/A,192
NA,375,6,0.016,194,false,49.717596,1130.0,False,500,2.94,1,0,0,0,0,0,N/A,193
NA,375,6,0.016,195,false,49.717597,1120.0,False,500,2.94,1,0,0,0,0,0,N/A,194
NA,375,6,0.016,196,false,49.717602,1100.0,False,500,2.94,1,0,0,0,0,0,N/A,195
NA,375,6,0.016,197,false,49.717566,1090.0,False,500,2.94,1,0,0,0,0,0,N/A,196
NA,375,6,0.016,198,false,49.717595,1080.0,False,500,2.94,1,0,0,0,0,0,N/A,197
NA,375,6,0.016,199,false,49.717597,1060.0,False,500,2.94,1,0,0,0,0,0,N/A,198
NA,375,6,0.016,200,false,49.717596,1050.0,False,500,2.94,1,0,0,0,0,0,N/A,199
NA,375,6,0.016,201,false,49.717592,1040.0,False,500,2.94,1,0,0,0,0,0,N/A,200
NA,375,6,0.016,202,false,49.717579,1020.0,False,500,2.94,1,0,0,0,0,0,N/A,201
NA,375,6,0.016,203,false,49.717574,1010.0,False,500,2.94,1,0,0,0,0,0,N/A,202
NA,375,6,0.016,204,false,49.717578,1000.0,False,500,2.94,1,0,0,0,0,0,N/A,203
NA,375,6,0.016,205,false,49.717579,980.0,False,500,2.94,1,0,0,0,0,0,N/A,204
NA,375,6,0.016,206,false,49.717578,970.0,False,500,2.94,1,0,0,0,0,0,N/A,205
NA,375,6,0.016,207,false,49.717587,960.0,False,500,2.94,1,0,0,0,0,0,N/A,206
NA,375,6,0.016,208,false,49.717571,940.0,False,500,2.94,1,0,0,0,0,0,N/A,207
NA,375,6,0.016,209,false,49.717574,930.0,False,500,2.94,1,0,0,0,0,0,N/A,208
NA,375,6,0.016,210,false,49.717576,920.0,False,500,2.94,1,0,0,0,0,0,N/A,209
NA,375,6,0.016,211,false,49.717578,900.0,False,500,2.94,1,0,0,0,0,0,N/A,210
NA,375,6,0.016,212,false,49.717576,890.0,False,500,2.94,1,0,0,0,0,0,N/A,211
NA,375,6,0.016,213,false,49.71758,880.0,False,500,2.94,1,0,0,0,0,0,N/A,212
NA,375,6,0.016,214,false,49.717583,860.0,False,500,2.94,1,0,0,0,0,0,N/A,213
NA,375,6,0.016,215,false,49.717582,850.0,False,500,2.94,1,0,0,0,0,0,N/A,214
NA,375,6,0.016,216,false,49.717589,840.0,False,500,2.94,1,0,0,0,0,0,N/A,215
NA,375,6,0.016,217,false,49.717576,820.0,False,500,2.94,1,0,0,0,0,0,N/A,216
NA,375,6,0.016,218,false,49.717574,810.0,False,500,2.94,1,0,0,0,0,0,N/A,217
NA,375,6,0.016,219,false,49.717573,800.0,False,500,2.94,1,0,0,0,0,0,N/A,218
NA,375,6,0.016,220,false,49.717576,780.0,False,500,2.94,1,0,0,0,0,0,N/A,219
NA,375,6,0.016,221,false,49.717577,770.0,False,500,2.94,1,0,0,0,0,0,N/A,220
NA,375,6,0.016,222,false,49.717576,760.0,False,500,2.94,1,0,0,0,0,0,N/A,221
NA,375,6,0.016,223,false,49.717579,740.0,False,500,2.94,1,0,0,0,0,0,N/A,222
NA,375,6,0.016,224,false,49.717577,730.0,False,500,2.94,1,0,0,0,0,0,N/A,223
NA,375,6,0.016,225,false,49.717574,720.0,False,500,2.94,1,0,0,0,0,0,N/A,224
NA,375,6,0.016,226,false,49.717572,710.0,False,500,2.94,1,0,0,0,0,0,N/A,225
NA,375,6,0.016,227,false,49.717576,690.0,False,500,2.94,1,0,0,0,0,0,N/A,226
NA,375,6,0.016,228,false,49.717569,680.0,False,500,2.94,1,0,0,0,0,0,N/A,227
NA,375,6,0.016,229,false,49.717569,670.0,False,500,2.94,1,0,0,0,0,0,N/A,228
NA,375,6,0.016,230,false,49.717569,650.0,False,500,2.94,1,0,0,0,0,0,N/A,229
NA,375,6,0.016,231,false,49.717569,640.0,False,500,2.94,1,0,0,0,0,0,N/A,230
NA,375,6,0.016,232,false,49.71757,630.0,False,500,2.94,1,0,0,0,0,0,N/A,231
NA,375,6,0.016,233,false,49.717572,610.0,False,500,2.94,1,0,0,0,0,0,N/A,232
NA,375,6,0.016,234,false,49.717568,600.0,False,500,2.94,1,0,0,0,0,0,N/A,233
NA,375,6,0.016,235,false,49.717566,590.0,False,500,2.94,1,0,0,0,0,0,N/A,234
NA,375,6,0.016,236,false,49.717569,570.0,False,500,2.94,1,0,0,0,0,0,N/A,235
NA,375,6,0.016,237,false,49.717568,560.0,False,500,2.94,1,0,0,0,0,0,N/A,236
NA,375,6,0.016,238,false,49.717571,550.0,False,500,2.94,1,0,0,0,0,0,N/A,237
NA,375,6,0.016,239,false,49.717567,530.0,False,500,2.94,1,0,0,0,0,0,N/A,238
NA,375,6,0.016,240,false,49.717563,520.0,False,500,2.94,1,0,0,0,0,0,N/A,239
NA,375,6,0.016,241,false,49.717566,510.0,False,500,2.94,1,0,0,0,0,0,N/A,240
NA,375,6,0.016,242,false,49.717566,490.0,False,500,2.94,1,0,0,0,True,True,49.348435,241
NA,375,6,0.016,243,,49.350811,480.0,False,500,2.94,1,0,0,0,True,True,48.975474,242
NA,375,6,0.016,244,,48.978065,470.0,False,500,2.94,1,0,0,0,True,True,48.602513,243
NA,375,6,0.016,245,,48.605111,460.0,False,500,2.94,1,0,0,0,True,True,48.229552,244
NA,375,6,0.016,246,,48.232187,450.0,False,500,2.94,1,0,0,0,True,True,47.856591,245
NA,375,6,0.016,247,,47.859289,440.0,False,500,2.94,1,0,0,0,True,True,47.48363,246
NA,375,6,0.016,248,,47.486352,430.0,False,500,2.94,1,0,0,0,True,True,47.110669,247
NA,375,6,0.016,249,,47.113473,420.0,False,500,2.94,1,0,0,0,True,True,46.737708,248
NA,375,6,0.016,250,,46.740517,410.0,False,500,2.94,1,0,0,0,True,True,46.364747,249
NA,375,6,0.016,251,,46.367643,400.0,False,500,2.94,1,0,0,0,True,True,45.991786,250
NA,375,6,0.016,252,,46.361432,390.0,False,500,2.94,1,0,0,0,True,True,45.618825,251
NA,375,6,0.016,253,,45.627893,380.0,False,500,2.94,1,0,0,0,True,True,45.245864,252
NA,375,6,0.016,254,,45.248982,370.0,False,500,2.94,1,0,0,0,True,True,44.872903,253
NA,375,6,0.016,255,,44.875911,360.0,False,500,2.94,1,0,0,0,True,True,44.499942,254
NA,375,6,0.016,256,,44.50304,350.0,False,500,2.94,1,0,0,0,True,True,44.126981,255
NA,375,6,0.016,257,,44.130086,340.0,False,500,2.94,1,0,0,0,True,True,43.75402,256
NA,375,6,0.016,258,,43.757208,330.0,False,500,2.94,1,0,0,0,True,True,43.381059,257
NA,375,6,0.016,259,,43.384262,320.0,False,500,2.94,1,0,0,0,True,True,43.008098,258
NA,375,6,0.016,260,,43.011374,310.0,False,500,2.94,1,0,0,0,True,True,42.635137,259
NA,375,6,0.016,261,,42.638428,300.0,False,500,2.94,1,0,0,0,True,True,42.262176,260
NA,375,6,0.016,262,,42.265482,280.0,False,500,2.94,1,0,0,0,True,True,41.889215,261
NA,375,6,0.016,263,,41.892606,270.0,False,500,2.94,1,0,0,0,True,True,41.516254,262
NA,375,6,0.016,264,,41.519654,260.0,False,500,2.94,1,0,0,0,True,True,41.143293,263
NA,375,6,0.016,265,,41.146778,250.0,False,500,2.94,1,0,0,0,True,True,40.770332,264
NA,375,6,0.016,266,,40.773834,240.0,False,500,2.94,1,0,0,0,True,True,40.397371,265
NA,375,6,0.016,267,,40.400886,230.0,False,500,2.94,1,0,0,0,True,True,40.02441,266
NA,375,6,0.016,268,,40.028015,220.0,False,500,2.94,1,0,0,0,True,True,39.651449,267
NA,375,6,0.016,269,,39.655072,210.0,False,500,2.94,1,0,0,0,True,True,39.278488,268
NA,375,6,0.016,270,,39.282115,200.0,False,500,2.94,1,0,0,0,True,True,38.905527,269
NA,375,6,0.016,271,,38.909235,190.0,True,500,2.94,1,0,0,0,True,True,38.532566,270
NA,375,6,0.016,272,,38.536286,170.0,True,500,2.94,1,0,0,0,True,True,38.159605,271
NA,375,6,0.016,273,,38.163407,160.0,True,500,2.94,1,0,0,0,True,True,37.786644,272
NA,375,6,0.016,274,,37.790462,150.0,True,500,2.94,1,0,0,0,True,True,37.413683,273
NA,375,6,0.016,275,,37.417508,140.0,True,500,2.94,1,0,0,0,True,True,37.040722,274
NA,375,6,0.016,276,,37.04463,130.0,True,500,2.94,1,0,0,0,True,True,36.667761,275
NA,375,6,0.016,277,,36.671683,130.0,True,500,2.94,1,0,0,0,True,True,36.2948,276
NA,375,6,0.016,278,,36.298768,120.0,True,500,2.94,1,0,0,0,True,True,35.921839,277
NA,375,6,0.016,279,,35.925819,100.0,True,500,2.94,1,0,0,0,True,True,35.548878,278
NA,375,6,0.016,280,,35.552904,90.0,True,500,2.94,1,0,0,0,True,True,35.175917,279
NA,375,6,0.016,281,,35.179994,80.0,True,500,2.94,1,0,0,0,True,True,34.802956,280
NA,375,6,0.016,282,,34.807042,70.0,True,500,2.94,1,0,0,0,True,True,34.429995,281
NA,375,6,0.016,283,,34.434129,60.0,True,500,2.94,1,0,0,0,True,True,34.057034,282
NA,375,6,0.016,284,,34.061213,50.0,True,500,2.94,1,0,0,0,True,True,33.684073,283
NA,375,6,0.016,285,,33.688262,30.0,True,500,2.94,1,0,0,0,True,True,33.311112,284
NA,375,6,0.016,286,,33.315357,20.0,True,500,2.94,1,0,0,0,True,True,32.938151,285
NA,375,6,0.016,287,,32.942411,10.0,True,500,2.94,1,0,0,0,True,True,32.56519,286
NA,375,6,0.016,288,,32.569497,-0.0,True,500,2.94,1,0,0,0,True,True,32.192229,287
NA,375,6,0.016,289,,32.196582,-10.0,True,500,2.94,1,0,0,0,True,True,31.819268,288
NA,375,6,0.016,290,,31.82363,-30.0,True,500,2.94,1,0,0,0,True,True,31.446307,289
NA,375,6,0.016,291,,31.45072,-40.0,True,500,2.94,1,0,0,0,True,True,31.073346,290
NA,375,6,0.016,292,,31.077807,-50.0,True,500,2.94,1,0,0,0,True,True,30.700385,291
NA,375,6,0.016,293,,30.70486,-60.0,True,500,2.94,1,0,0,0,True,True,30.327424,292
NA,375,6,0.016,294,,30.331947,-80.0,True,500,2.94,1,0,0,0,True,True,29.954463,293
NA,375,6,0.016,295,,29.958997,-90.0,True,500,2.94,1,0,0,0,True,True,29.581502,294
NA,375,6,0.016,296,,29.586079,-100.0,True,500,2.94,1,0,0,0,True,True,29.208541,295
NA,375,6,0.016,297,,29.213136,-110.0,True,500,2.94,1,0,0,0,True,True,28.83558,296
NA,375,6,0.016,298,,28.840215,-130.0,True,500,2.94,1,0,0,0,True,True,28.462619,297
NA,375,6,0.016,299,,28.467268,-140.0,True,500,2.94,1,0,0,0,True,True,28.089658,298
NA,375,6,0.016,300,,28.094366,-150.0,True,500,2.94,1,0,0,0,True,True,27.716697,299
NA,375,6,0.016,301,,27.721446,-170.0,True,500,2.94,1,0,0,0,True,True,27.343736,300
NA,375,6,0.016,302,,27.348498,-180.0,True,500,2.94,1,0,0,0,True,True,26.970775,301
NA,375,6,0.016,303,,26.975585,-190.0,True,500,2.94,1,0,0,0,True,True,26.597814,302
NA,375,6,0.016,304,,26.60264,-210.0,True,500,2.94,1,0,0,0,True,True,26.224853,303
NA,375,6,0.016,305,,26.229724,-220.0,True,500,2.94,1,0,0,0,True,True,25.851892,304
NA,375,6,0.016,306,,25.856778,-230.0,True,500,2.94,1,0,0,0,True,True,25.478931,305
NA,375,6,0.016,307,,25.483861,-250.0,True,500,2.94,1,0,0,0,True,True,25.10597,306
NA,375,6,0.016,308,,25.11091,-260.0,True,500,2.94,1,0,0,0,True,True,24.733009,307
NA,375,6,0.016,309,,24.737968,-270.0,True,500,2.94,1,0,0,0,True,True,24.360048,308
NA,375,6,0.016,310,,24.365052,-290.0,True,500,2.94,1,0,0,0,True,True,23.987087,309
NA,375,6,0.016,311,,23.992103,-300.0,True,500,2.94,1,0,0,0,True,True,23.614126,310
NA,375,6,0.016,312,,23.619191,-320.0,True,500,2.94,1,0,0,0,True,True,23.241165,311
NA,375,6,0.016,313,,23.246238,-330.0,True,500,2.94,1,0,0,0,True,True,22.868204,312
NA,375,6,0.016,314,,22.873322,-350.0,True,500,2.94,1,0,0,0,True,True,22.495243,313
NA,375,6,0.016,315,,22.500381,-360.0,True,500,2.94,1,0,0,0,True,True,22.122282,314
NA,375,6,0.016,316,,22.127463,-380.0,True,500,2.94,1,0,0,0,True,True,21.749321,315
NA,375,6,0.016,317,,21.75452,-390.0,True,500,2.94,1,0,0,0,True,True,21.37636,316
NA,375,6,0.016,318,,21.381572,-410.0,True,500,2.94,1,0,0,0,True,True,21.003399,317
NA,375,6,0.016,319,,21.008657,-420.0,True,500,2.94,1,0,0,0,True,True,20.630438,318
NA,375,6,0.016,320,,20.635702,-440.0,True,500,2.94,1,0,0,0,True,True,20.257477,319
NA,375,6,0.016,321,,20.262801,-450.0,True,500,2.94,1,0,0,0,True,True,19.884516,320
NA,375,6,0.016,322,,19.889842,-470.0,True,500,2.94,1,0,0,0,True,True,19.511555,321
NA,375,6,0.016,323,,19.516896,-490.0,True,500,2.94,1,0,0,0,True,True,19.138594,322
NA,375,6,0.016,324,,19.143987,-500.0,True,500,2.94,1,0,0,0,True,True,18.765633,323
NA,375,6,0.016,325,,18.771036,-520.0,True,500,2.94,1,0,0,0,True,True,18.392672,324
NA,375,6,0.016,326,,18.398108,-540.0,True,500,2.94,1,0,0,0,True,True,18.019711,325
NA,375,6,0.016,327,,18.025181,-550.0,True,500,2.94,1,0,0,0,True,True,17.64675,326
NA,375,6,0.016,328,,17.652225,-570.0,True,500,2.94,1,0,0,0,True,True,17.273789,327
NA,375,6,0.016,329,,17.279305,-590.0,True,500,2.94,1,0,0,0,True,True,16.900828,328
NA,375,6,0.016,330,,16.90637,-610.0,True,500,2.94,1,0,0,0,True,True,16.527867,329
NA,375,6,0.016,331,,16.900147,-620.0,True,500,2.94,1,0,0,0,True,True,16.154906,330
NA,375,6,0.016,332,,16.166602,-640.0,True,500,2.94,1,0,0,0,True,True,15.781945,331
NA,375,6,0.016,333,,15.787653,-660.0,True,500,2.94,1,0,0,0,True,True,15.408984,332
NA,375,6,0.016,334,,15.414616,-680.0,True,500,2.94,1,0,0,0,True,True,15.036023,333
NA,375,6,0.016,335,,15.041679,-700.0,True,500,2.94,1,0,0,0,True,True,14.663062,334
NA,375,6,0.016,336,,14.668726,-720.0,True,500,2.94,1,0,0,0,True,True,14.290101,335
NA,375,6,0.016,337,,14.295802,-740.0,True,500,2.94,1,0,0,0,True,True,13.91714,336
NA,375,6,0.016,338,,13.922862,-760.0,True,500,2.94,1,0,0,0,True,True,13.544179,337
NA,375,6,0.016,339,,13.549923,-780.0,True,500,2.94,1,0,0,0,True,True,13.171218,338
NA,375,6,0.016,340,,13.17697,-800.0,True,500,2.94,1,0,0,0,True,True,12.798257,339
NA,375,6,0.016,341,,12.804038,-830.0,True,500,2.94,1,0,0,0,True,True,12.425296,340
NA,375,6,0.016,342,,12.431109,-850.0,True,500,2.94,1,0,0,0,True,True,12.052335,341
NA,375,6,0.016,343,,12.05817,-870.0,True,500,2.94,1,0,0,0,True,True,11.679374,342
NA,375,6,0.016,344,,11.685217,-890.0,True,500,2.94,1,0,0,0,True,True,11.306413,343
NA,375,6,0.016,345,,11.312283,-920.0,True,500,2.94,1,0,0,0,True,True,10.933452,344
NA,375,6,0.016,346,,10.939351,-940.0,True,500,2.94,1,0,0,0,True,True,10.560491,345
NA,375,6,0.016,347,,10.566399,-970.0,True,500,2.94,1,0,0,0,True,True,10.18753,346
NA,375,6,0.016,348,,10.193465,-990.0,True,500,2.94,1,0,0,0,True,True,9.814569,347
NA,375,6,0.016,349,,9.820511,-1020.0,True,500,2.94,1,0,0,0,True,True,9.441608,348
NA,375,6,0.016,350,,9.447561,-1040.0,True,500,2.94,1,0,0,0,True,True,9.068647,349
NA,375,6,0.016,351,,9.074636,-1070.0,True,500,2.94,1,0,0,0,True,True,8.695686,350
NA,375,6,0.016,352,,8.701694,-1100.0,True,500,2.94,1,0,0,0,True,True,8.322725,351
NA,375,6,0.016,353,,8.32875,-1130.0,True,500,2.94,1,0,0,0,True,True,7.949764,352
NA,375,6,0.016,354,,7.955819,-1160.0,True,500,2.94,1,0,0,0,True,True,7.576803,353
NA,375,6,0.016,355,,7.582864,-1190.0,True,500,2.94,1,0,0,0,True,True,7.203842,354
NA,375,6,0.016,356,,7.209935,-1220.0,True,500,2.94,1,0,0,0,True,True,6.830881,355
NA,375,6,0.016,357,,6.836981,-1250.0,True,500,2.94,1,0,0,0,True,True,6.45792,356
NA,375,6,0.016,358,,6.464045,-1290.0,True,500,2.94,1,0,0,0,True,True,6.084959,357
NA,375,6,0.016,359,,6.0911,-1320.0,True,500,2.94,1,0,0,0,True,True,5.711998,358
NA,375,6,0.016,360,,5.718159,-1360.0,True,500,2.94,1,0,0,0,True,True,5.339037,359
NA,375,6,0.016,361,,5.345218,-1390.0,True,500,2.94,1,0,0,0,True,True,4.966076,360
NA,375,6,0.016,362,,4.972269,-1430.0,True,500,2.94,1,0,0,0,True,True,4.593115,361
NA,375,6,0.016,363,,4.599334,-1470.0,True,500,2.94,1,0,0,0,True,True,4.220154,362
NA,375,6,0.016,364,,4.226391,-1510.0,True,500,2.94,1,0,0,0,True,True,3.847193,363
NA,375,6,0.016,365,,3.853452,-1560.0,True,500,2.94,1,0,0,0,True,True,0.0,364
NA,375,6,0.016,366,,0.068438,-2110.0,True,500,2.94,1,0,0,0,True,True,0.0,365
NA,375,6,0.016,367,,0.023277,-2120.0,True,500,2.94,1,0,0,0,True,True,0.0,366
NA,375,6,0.016,368,,0.023103,-2120.0,True,500,2.94,1,0,0,0,True,True,0.0,367
NA,375,6,0.016,369,,0.022957,-2120.0,True,500,2.94,1,0,0,0,True,True,0.0,368
NA,375,6,0.016,370,,0.022812,-2120.0,True,500,2.94,1,0,0,0,True,True,0.0,369
NA,375,6,0.016,371,,0.022664,-2120.0,True,500,2.94,1,0,0,0,True,True,0.0,370
NA,375,6,0.016,372,,0.02252,-2120.0,True,500,2.94,1,0,0,0,True,True,0.0,371
NA,375,6,0.016,373,,0.022377,-2120.0,True,500,2.94,1,0,0,0,True,True,0.0,372
NA,375,6,0.016,374,,0.022234,-2120.0,True,500,2.94,1,0,0,0,True,True,0.0,373
